{"cameraMode":{"drawMode":0,"name":"Shaded","section":"Shading Mode"},"sceneLighting":false,"audioPlay":false,"sceneViewState":{"showFog":true,"showMaterialUpdate":false,"showSkybox":true,"showFlares":true,"showImageEffects":true,"showParticleSystems":true},"in2DMode":false,"pivot":{"x":-8.153939247131348,"y":0.5099999904632568,"z":7.849999904632568},"rotation":{"x":-0.2799365818500519,"y":-0.6016051173210144,"z":0.23737365007400514,"w":-0.709479033946991},"size":2.9282009601593019,"orthographic":false}